<simulation>
<Devices>
<!-- Int  -->
<NumberOfDevices>33</NumberOfDevices>
<!--  Standard Unit  -->
<Range>30</Range>
<!--  Heterogeneous or Homogeneous  -->
<InitialEnergyDistribution>Heterogeneous</InitialEnergyDistribution>
<!-- Amount of energy. Joules -->
<InitialEnergy>0.3</InitialEnergy>
<!-- The initialEnergy value will vary + and - the initialEnergyVariation-->
<InitialEnergyVariation>0</InitialEnergyVariation>
<!-- Connected Random, Grid  -->
<GeographicDistribution>Grid2</GeographicDistribution>
<!--  Distance between nodes -->
<nodesDistance>1</nodesDistance>
<!-- In this version all devices will be equipped with 1 same sensor -->
<!-- Temperature, Humidity, Gas, Water, Energy. -->
<Sensor>Temperature</Sensor>
<!-- kbps -->
<SensorRate>20</SensorRate>
</Devices>
<Gateway>
<!-- This program is not designed to have multiple Gateways. The Gateway is by default the device with index 0.  -->
<!-- Int. This version support only 1  -->
<NumberOfGW>1</NumberOfGW>
<!-- GW location: Corner (default) or center  -->
<GWlocation>Center</GWlocation>
</Gateway>
<MultipleDataRequests>
<!-- The number of DR that will be created -->
<NumberDataRequests>16</NumberDataRequests>
<!--  Subset selects randomly an set according to the size specified in the content -->
<!--  Next versions will implement ID, Data Type, Geographic, Energy Level and Random  -->
<QueriesType>Subset</QueriesType>
<!--  Group Formation algorithm. DFS (Deepth First Search) or square. Square is indicated for grid scenarios. -->
<GroupSelection>Square</GroupSelection>
<!-- Interaction mode between the DRs. This version implements minimize, but max can be implemented -->
<DataRequestOverlapping>Minimize</DataRequestOverlapping>
<!-- The DRs receives a random frequency every run or non-random -->
<DRFrequency>random</DRFrequency>
</MultipleDataRequests>
<InactiveNodes>
<!-- Control Data rate transmitted by inactive nodes. In kbps-->
<controlDataRate>1</controlDataRate>
<!-- Frequency of communication of inactive nodes (nodes that aren't member of any group). In seconds -->
<InactiveNodesFreq>10</InactiveNodesFreq>
</InactiveNodes>

<!--  If the sum of all subset devices is higher than the total number of devices, so there will be overlapping  -->
<DataRequest>
<!--  Char  -->
<DR1-ID>AA</DR1-ID>
<!--  Seconds  -->
<DR1-Frequency>1</DR1-Frequency>
<!--  Seconds  -->
<DR1-DelayTolerance>0.5</DR1-DelayTolerance>
<!--  Max, Min, Avg, Count, Merger  -->
<DR1-AggFunction>Max</DR1-AggFunction>
<DR1-QueryContent>2</DR1-QueryContent>
</DataRequest>

<!--  If the sum of all subset devices is higher than the total number of devices, so there will be overlapping  -->
<DataRequest>
<!--  Char  -->
<DR2-ID>AB</DR2-ID>
<!--  Seconds  -->
<DR2-Frequency>1</DR2-Frequency>
<!--  Seconds  -->
<DR2-DelayTolerance>0.5</DR2-DelayTolerance>
<!--  Max, Min, Avg, Count, Merger  -->
<DR2-AggFunction>Max</DR2-AggFunction>
<DR2-QueryContent>2</DR2-QueryContent>
</DataRequest>

<!--  If the sum of all subset devices is higher than the total number of devices, so there will be overlapping  -->
<DataRequest>
<!--  Char  -->
<DR3-ID>AC</DR3-ID>
<!--  Seconds  -->
<DR3-Frequency>1</DR3-Frequency>
<!--  Seconds  -->
<DR3-DelayTolerance>0.5</DR3-DelayTolerance>
<!--  Max, Min, Avg, Count, Merger  -->
<DR3-AggFunction>Max</DR3-AggFunction>
<DR3-QueryContent>2</DR3-QueryContent>
</DataRequest>

<!--  If the sum of all subset devices is higher than the total number of devices, so there will be overlapping  -->
<DataRequest>
<!--  Char  -->
<DR4-ID>AD</DR4-ID>
<!--  Seconds  -->
<DR4-Frequency>1</DR4-Frequency>
<!--  Seconds  -->
<DR4-DelayTolerance>0.5</DR4-DelayTolerance>
<!--  Max, Min, Avg, Count, Merger  -->
<DR4-AggFunction>Max</DR4-AggFunction>
<DR4-QueryContent>2</DR4-QueryContent>
</DataRequest>

<!--  If the sum of all subset devices is higher than the total number of devices, so there will be overlapping  -->
<DataRequest>
<!--  Char  -->
<DR5-ID>AE</DR5-ID>
<!--  Seconds  -->
<DR5-Frequency>1</DR5-Frequency>
<!--  Seconds  -->
<DR5-DelayTolerance>0.5</DR5-DelayTolerance>
<!--  Max, Min, Avg, Count, Merger  -->
<DR5-AggFunction>Max</DR5-AggFunction>
<DR5-QueryContent>2</DR5-QueryContent>
</DataRequest>

<!--  If the sum of all subset devices is higher than the total number of devices, so there will be overlapping  -->
<DataRequest>
<!--  Char  -->
<DR6-ID>AF</DR6-ID>
<!--  Seconds  -->
<DR6-Frequency>1</DR6-Frequency>
<!--  Seconds  -->
<DR6-DelayTolerance>0.5</DR6-DelayTolerance>
<!--  Max, Min, Avg, Count, Merger  -->
<DR6-AggFunction>Max</DR6-AggFunction>
<DR6-QueryContent>2</DR6-QueryContent>
</DataRequest>

<!--  If the sum of all subset devices is higher than the total number of devices, so there will be overlapping  -->
<DataRequest>
<!--  Char  -->
<DR7-ID>AG</DR7-ID>
<!--  Seconds  -->
<DR7-Frequency>1</DR7-Frequency>
<!--  Seconds  -->
<DR7-DelayTolerance>0.5</DR7-DelayTolerance>
<!--  Max, Min, Avg, Count, Merger  -->
<DR7-AggFunction>Max</DR7-AggFunction>
<DR7-QueryContent>2</DR7-QueryContent>
</DataRequest>

<!--  If the sum of all subset devices is higher than the total number of devices, so there will be overlapping  -->
<DataRequest>
<!--  Char  -->
<DR8-ID>AH</DR8-ID>
<!--  Seconds  -->
<DR8-Frequency>1</DR8-Frequency>
<!--  Seconds  -->
<DR8-DelayTolerance>0.5</DR8-DelayTolerance>
<!--  Max, Min, Avg, Count, Merger  -->
<DR8-AggFunction>Max</DR8-AggFunction>
<DR8-QueryContent>2</DR8-QueryContent>
</DataRequest>

<!--  If the sum of all subset devices is higher than the total number of devices, so there will be overlapping  -->
<DataRequest>
<!--  Char  -->
<DR9-ID>AI</DR9-ID>
<!--  Seconds  -->
<DR9-Frequency>1</DR9-Frequency>
<!--  Seconds  -->
<DR9-DelayTolerance>0.5</DR9-DelayTolerance>
<!--  Max, Min, Avg, Count, Merger  -->
<DR9-AggFunction>Max</DR9-AggFunction>
<DR9-QueryContent>2</DR9-QueryContent>
</DataRequest>

<!--  If the sum of all subset devices is higher than the total number of devices, so there will be overlapping  -->
<DataRequest>
<!--  Char  -->
<DR10-ID>AJ</DR10-ID>
<!--  Seconds  -->
<DR10-Frequency>1</DR10-Frequency>
<!--  Seconds  -->
<DR10-DelayTolerance>0.5</DR10-DelayTolerance>
<!--  Max, Min, Avg, Count, Merger  -->
<DR10-AggFunction>Max</DR10-AggFunction>
<DR10-QueryContent>2</DR10-QueryContent>
</DataRequest>

<!--  If the sum of all subset devices is higher than the total number of devices, so there will be overlapping  -->
<DataRequest>
<!--  Char  -->
<DR11-ID>AK</DR11-ID>
<!--  Seconds  -->
<DR11-Frequency>1</DR11-Frequency>
<!--  Seconds  -->
<DR11-DelayTolerance>0.5</DR11-DelayTolerance>
<!--  Max, Min, Avg, Count, Merger  -->
<DR11-AggFunction>Max</DR11-AggFunction>
<DR11-QueryContent>2</DR11-QueryContent>
</DataRequest>

<!--  If the sum of all subset devices is higher than the total number of devices, so there will be overlapping  -->
<DataRequest>
<!--  Char  -->
<DR12-ID>AL</DR12-ID>
<!--  Seconds  -->
<DR12-Frequency>1</DR12-Frequency>
<!--  Seconds  -->
<DR12-DelayTolerance>0.5</DR12-DelayTolerance>
<!--  Max, Min, Avg, Count, Merger  -->
<DR12-AggFunction>Max</DR12-AggFunction>
<DR12-QueryContent>2</DR12-QueryContent>
</DataRequest>

<!--  If the sum of all subset devices is higher than the total number of devices, so there will be overlapping  -->
<DataRequest>
<!--  Char  -->
<DR13-ID>AM</DR13-ID>
<!--  Seconds  -->
<DR13-Frequency>1</DR13-Frequency>
<!--  Seconds  -->
<DR13-DelayTolerance>0.5</DR13-DelayTolerance>
<!--  Max, Min, Avg, Count, Merger  -->
<DR13-AggFunction>Max</DR13-AggFunction>
<DR13-QueryContent>2</DR13-QueryContent>
</DataRequest>

<!--  If the sum of all subset devices is higher than the total number of devices, so there will be overlapping  -->
<DataRequest>
<!--  Char  -->
<DR14-ID>AN</DR14-ID>
<!--  Seconds  -->
<DR14-Frequency>1</DR14-Frequency>
<!--  Seconds  -->
<DR14-DelayTolerance>0.5</DR14-DelayTolerance>
<!--  Max, Min, Avg, Count, Merger  -->
<DR14-AggFunction>Max</DR14-AggFunction>
<DR14-QueryContent>2</DR14-QueryContent>
</DataRequest>

<!--  If the sum of all subset devices is higher than the total number of devices, so there will be overlapping  -->
<DataRequest>
<!--  Char  -->
<DR15-ID>AO</DR15-ID>
<!--  Seconds  -->
<DR15-Frequency>1</DR15-Frequency>
<!--  Seconds  -->
<DR15-DelayTolerance>0.5</DR15-DelayTolerance>
<!--  Max, Min, Avg, Count, Merger  -->
<DR15-AggFunction>Max</DR15-AggFunction>
<DR15-QueryContent>2</DR15-QueryContent>
</DataRequest>

<!--  If the sum of all subset devices is higher than the total number of devices, so there will be overlapping  -->
<DataRequest>
<!--  Char  -->
<DR16-ID>AP</DR16-ID>
<!--  Seconds  -->
<DR16-Frequency>1</DR16-Frequency>
<!--  Seconds  -->
<DR16-DelayTolerance>0.5</DR16-DelayTolerance>
<!--  Max, Min, Avg, Count, Merger  -->
<DR16-AggFunction>Max</DR16-AggFunction>
<DR16-QueryContent>2</DR16-QueryContent>
</DataRequest>
</simulation>
