<simulation>
<Devices>
<!-- Int  -->
<NumberOfDevices>33</NumberOfDevices>
<!--  Standard Unit  -->
<Range>30</Range>
<!--  Heterogeneous or Homogeneous  -->
<InitialEnergyDistribution>Heterogeneous</InitialEnergyDistribution>
<!-- Amount of energy. Joules -->
<InitialEnergy>0.3</InitialEnergy>
<!-- The initialEnergy value will vary + and - the initialEnergyVariation-->
<InitialEnergyVariation>0</InitialEnergyVariation>
<!-- Connected Random, Grid  -->
<GeographicDistribution>Grid2</GeographicDistribution>
<!--  Distance between nodes -->
<nodesDistance>1</nodesDistance>
<!-- In this version all devices will be equipped with 1 same sensor -->
<!-- Temperature, Humidity, Gas, Water, Energy. -->
<Sensor>Temperature</Sensor>
<!-- kbps -->
<SensorRate>20</SensorRate>
</Devices>
<Gateway>
<!-- This program is not designed to have multiple Gateways. The Gateway is by default the device with index 0.  -->
<!-- Int. This version support only 1  -->
<NumberOfGW>1</NumberOfGW>
<!-- GW location: Corner (default) or center  -->
<GWlocation>Center</GWlocation>
</Gateway>
<MultipleDataRequests>
<!-- The number of DR that will be created -->
<NumberDataRequests>32</NumberDataRequests>
<!--  Subset selects randomly an set according to the size specified in the content -->
<!--  Next versions will implement ID, Data Type, Geographic, Energy Level and Random  -->
<QueriesType>Subset</QueriesType>
<!--  Group Formation algorithm. DFS (Deepth First Search) or square. Square is indicated for grid scenarios. -->
<GroupSelection>Square</GroupSelection>
<!-- Interaction mode between the DRs. This version implements minimize, but max can be implemented -->
<DataRequestOverlapping>Minimize</DataRequestOverlapping>
<!-- The DRs receives a random frequency every run or non-random -->
<DRFrequency>random</DRFrequency>
</MultipleDataRequests>
<InactiveNodes>
<!-- Control Data rate transmitted by inactive nodes. In kbps-->
<controlDataRate>1</controlDataRate>
<!-- Frequency of communication of inactive nodes (nodes that aren't member of any group). In seconds -->
<InactiveNodesFreq>10</InactiveNodesFreq>
</InactiveNodes>

<!--  If the sum of all subset devices is higher than the total number of devices, so there will be overlapping  -->
<DataRequest>
<!--  Char  -->
<DR1-ID>AA</DR1-ID>
<!--  Seconds  -->
<DR1-Frequency>1</DR1-Frequency>
<!--  Seconds  -->
<DR1-DelayTolerance>0.5</DR1-DelayTolerance>
<!--  Max, Min, Avg, Count, Merger  -->
<DR1-AggFunction>Max</DR1-AggFunction>
<DR1-QueryContent>1</DR1-QueryContent>
</DataRequest>

<!--  If the sum of all subset devices is higher than the total number of devices, so there will be overlapping  -->
<DataRequest>
<!--  Char  -->
<DR2-ID>AB</DR2-ID>
<!--  Seconds  -->
<DR2-Frequency>1</DR2-Frequency>
<!--  Seconds  -->
<DR2-DelayTolerance>0.5</DR2-DelayTolerance>
<!--  Max, Min, Avg, Count, Merger  -->
<DR2-AggFunction>Max</DR2-AggFunction>
<DR2-QueryContent>1</DR2-QueryContent>
</DataRequest>

<!--  If the sum of all subset devices is higher than the total number of devices, so there will be overlapping  -->
<DataRequest>
<!--  Char  -->
<DR3-ID>AC</DR3-ID>
<!--  Seconds  -->
<DR3-Frequency>1</DR3-Frequency>
<!--  Seconds  -->
<DR3-DelayTolerance>0.5</DR3-DelayTolerance>
<!--  Max, Min, Avg, Count, Merger  -->
<DR3-AggFunction>Max</DR3-AggFunction>
<DR3-QueryContent>1</DR3-QueryContent>
</DataRequest>

<!--  If the sum of all subset devices is higher than the total number of devices, so there will be overlapping  -->
<DataRequest>
<!--  Char  -->
<DR4-ID>AD</DR4-ID>
<!--  Seconds  -->
<DR4-Frequency>1</DR4-Frequency>
<!--  Seconds  -->
<DR4-DelayTolerance>0.5</DR4-DelayTolerance>
<!--  Max, Min, Avg, Count, Merger  -->
<DR4-AggFunction>Max</DR4-AggFunction>
<DR4-QueryContent>1</DR4-QueryContent>
</DataRequest>

<!--  If the sum of all subset devices is higher than the total number of devices, so there will be overlapping  -->
<DataRequest>
<!--  Char  -->
<DR5-ID>AE</DR5-ID>
<!--  Seconds  -->
<DR5-Frequency>1</DR5-Frequency>
<!--  Seconds  -->
<DR5-DelayTolerance>0.5</DR5-DelayTolerance>
<!--  Max, Min, Avg, Count, Merger  -->
<DR5-AggFunction>Max</DR5-AggFunction>
<DR5-QueryContent>1</DR5-QueryContent>
</DataRequest>

<!--  If the sum of all subset devices is higher than the total number of devices, so there will be overlapping  -->
<DataRequest>
<!--  Char  -->
<DR6-ID>AF</DR6-ID>
<!--  Seconds  -->
<DR6-Frequency>1</DR6-Frequency>
<!--  Seconds  -->
<DR6-DelayTolerance>0.5</DR6-DelayTolerance>
<!--  Max, Min, Avg, Count, Merger  -->
<DR6-AggFunction>Max</DR6-AggFunction>
<DR6-QueryContent>1</DR6-QueryContent>
</DataRequest>

<!--  If the sum of all subset devices is higher than the total number of devices, so there will be overlapping  -->
<DataRequest>
<!--  Char  -->
<DR7-ID>AG</DR7-ID>
<!--  Seconds  -->
<DR7-Frequency>1</DR7-Frequency>
<!--  Seconds  -->
<DR7-DelayTolerance>0.5</DR7-DelayTolerance>
<!--  Max, Min, Avg, Count, Merger  -->
<DR7-AggFunction>Max</DR7-AggFunction>
<DR7-QueryContent>1</DR7-QueryContent>
</DataRequest>

<!--  If the sum of all subset devices is higher than the total number of devices, so there will be overlapping  -->
<DataRequest>
<!--  Char  -->
<DR8-ID>AH</DR8-ID>
<!--  Seconds  -->
<DR8-Frequency>1</DR8-Frequency>
<!--  Seconds  -->
<DR8-DelayTolerance>0.5</DR8-DelayTolerance>
<!--  Max, Min, Avg, Count, Merger  -->
<DR8-AggFunction>Max</DR8-AggFunction>
<DR8-QueryContent>1</DR8-QueryContent>
</DataRequest>

<!--  If the sum of all subset devices is higher than the total number of devices, so there will be overlapping  -->
<DataRequest>
<!--  Char  -->
<DR9-ID>AI</DR9-ID>
<!--  Seconds  -->
<DR9-Frequency>1</DR9-Frequency>
<!--  Seconds  -->
<DR9-DelayTolerance>0.5</DR9-DelayTolerance>
<!--  Max, Min, Avg, Count, Merger  -->
<DR9-AggFunction>Max</DR9-AggFunction>
<DR9-QueryContent>1</DR9-QueryContent>
</DataRequest>

<!--  If the sum of all subset devices is higher than the total number of devices, so there will be overlapping  -->
<DataRequest>
<!--  Char  -->
<DR10-ID>AJ</DR10-ID>
<!--  Seconds  -->
<DR10-Frequency>1</DR10-Frequency>
<!--  Seconds  -->
<DR10-DelayTolerance>0.5</DR10-DelayTolerance>
<!--  Max, Min, Avg, Count, Merger  -->
<DR10-AggFunction>Max</DR10-AggFunction>
<DR10-QueryContent>1</DR10-QueryContent>
</DataRequest>

<!--  If the sum of all subset devices is higher than the total number of devices, so there will be overlapping  -->
<DataRequest>
<!--  Char  -->
<DR11-ID>AK</DR11-ID>
<!--  Seconds  -->
<DR11-Frequency>1</DR11-Frequency>
<!--  Seconds  -->
<DR11-DelayTolerance>0.5</DR11-DelayTolerance>
<!--  Max, Min, Avg, Count, Merger  -->
<DR11-AggFunction>Max</DR11-AggFunction>
<DR11-QueryContent>1</DR11-QueryContent>
</DataRequest>

<!--  If the sum of all subset devices is higher than the total number of devices, so there will be overlapping  -->
<DataRequest>
<!--  Char  -->
<DR12-ID>AL</DR12-ID>
<!--  Seconds  -->
<DR12-Frequency>1</DR12-Frequency>
<!--  Seconds  -->
<DR12-DelayTolerance>0.5</DR12-DelayTolerance>
<!--  Max, Min, Avg, Count, Merger  -->
<DR12-AggFunction>Max</DR12-AggFunction>
<DR12-QueryContent>1</DR12-QueryContent>
</DataRequest>

<!--  If the sum of all subset devices is higher than the total number of devices, so there will be overlapping  -->
<DataRequest>
<!--  Char  -->
<DR13-ID>AM</DR13-ID>
<!--  Seconds  -->
<DR13-Frequency>1</DR13-Frequency>
<!--  Seconds  -->
<DR13-DelayTolerance>0.5</DR13-DelayTolerance>
<!--  Max, Min, Avg, Count, Merger  -->
<DR13-AggFunction>Max</DR13-AggFunction>
<DR13-QueryContent>1</DR13-QueryContent>
</DataRequest>

<!--  If the sum of all subset devices is higher than the total number of devices, so there will be overlapping  -->
<DataRequest>
<!--  Char  -->
<DR14-ID>AN</DR14-ID>
<!--  Seconds  -->
<DR14-Frequency>1</DR14-Frequency>
<!--  Seconds  -->
<DR14-DelayTolerance>0.5</DR14-DelayTolerance>
<!--  Max, Min, Avg, Count, Merger  -->
<DR14-AggFunction>Max</DR14-AggFunction>
<DR14-QueryContent>1</DR14-QueryContent>
</DataRequest>

<!--  If the sum of all subset devices is higher than the total number of devices, so there will be overlapping  -->
<DataRequest>
<!--  Char  -->
<DR15-ID>AO</DR15-ID>
<!--  Seconds  -->
<DR15-Frequency>1</DR15-Frequency>
<!--  Seconds  -->
<DR15-DelayTolerance>0.5</DR15-DelayTolerance>
<!--  Max, Min, Avg, Count, Merger  -->
<DR15-AggFunction>Max</DR15-AggFunction>
<DR15-QueryContent>1</DR15-QueryContent>
</DataRequest>

<!--  If the sum of all subset devices is higher than the total number of devices, so there will be overlapping  -->
<DataRequest>
<!--  Char  -->
<DR16-ID>AP</DR16-ID>
<!--  Seconds  -->
<DR16-Frequency>1</DR16-Frequency>
<!--  Seconds  -->
<DR16-DelayTolerance>0.5</DR16-DelayTolerance>
<!--  Max, Min, Avg, Count, Merger  -->
<DR16-AggFunction>Max</DR16-AggFunction>
<DR16-QueryContent>1</DR16-QueryContent>
</DataRequest>

<!--  If the sum of all subset devices is higher than the total number of devices, so there will be overlapping  -->
<DataRequest>
<!--  Char  -->
<DR17-ID>AQ</DR17-ID>
<!--  Seconds  -->
<DR17-Frequency>1</DR17-Frequency>
<!--  Seconds  -->
<DR17-DelayTolerance>0.5</DR17-DelayTolerance>
<!--  Max, Min, Avg, Count, Merger  -->
<DR17-AggFunction>Max</DR17-AggFunction>
<DR17-QueryContent>1</DR17-QueryContent>
</DataRequest>

<!--  If the sum of all subset devices is higher than the total number of devices, so there will be overlapping  -->
<DataRequest>
<!--  Char  -->
<DR18-ID>AR</DR18-ID>
<!--  Seconds  -->
<DR18-Frequency>1</DR18-Frequency>
<!--  Seconds  -->
<DR18-DelayTolerance>0.5</DR18-DelayTolerance>
<!--  Max, Min, Avg, Count, Merger  -->
<DR18-AggFunction>Max</DR18-AggFunction>
<DR18-QueryContent>1</DR18-QueryContent>
</DataRequest>

<!--  If the sum of all subset devices is higher than the total number of devices, so there will be overlapping  -->
<DataRequest>
<!--  Char  -->
<DR19-ID>AS</DR19-ID>
<!--  Seconds  -->
<DR19-Frequency>1</DR19-Frequency>
<!--  Seconds  -->
<DR19-DelayTolerance>0.5</DR19-DelayTolerance>
<!--  Max, Min, Avg, Count, Merger  -->
<DR19-AggFunction>Max</DR19-AggFunction>
<DR19-QueryContent>1</DR19-QueryContent>
</DataRequest>

<!--  If the sum of all subset devices is higher than the total number of devices, so there will be overlapping  -->
<DataRequest>
<!--  Char  -->
<DR20-ID>AT</DR20-ID>
<!--  Seconds  -->
<DR20-Frequency>1</DR20-Frequency>
<!--  Seconds  -->
<DR20-DelayTolerance>0.5</DR20-DelayTolerance>
<!--  Max, Min, Avg, Count, Merger  -->
<DR20-AggFunction>Max</DR20-AggFunction>
<DR20-QueryContent>1</DR20-QueryContent>
</DataRequest>

<!--  If the sum of all subset devices is higher than the total number of devices, so there will be overlapping  -->
<DataRequest>
<!--  Char  -->
<DR21-ID>AU</DR21-ID>
<!--  Seconds  -->
<DR21-Frequency>1</DR21-Frequency>
<!--  Seconds  -->
<DR21-DelayTolerance>0.5</DR21-DelayTolerance>
<!--  Max, Min, Avg, Count, Merger  -->
<DR21-AggFunction>Max</DR21-AggFunction>
<DR21-QueryContent>1</DR21-QueryContent>
</DataRequest>

<!--  If the sum of all subset devices is higher than the total number of devices, so there will be overlapping  -->
<DataRequest>
<!--  Char  -->
<DR22-ID>AV</DR22-ID>
<!--  Seconds  -->
<DR22-Frequency>1</DR22-Frequency>
<!--  Seconds  -->
<DR22-DelayTolerance>0.5</DR22-DelayTolerance>
<!--  Max, Min, Avg, Count, Merger  -->
<DR22-AggFunction>Max</DR22-AggFunction>
<DR22-QueryContent>1</DR22-QueryContent>
</DataRequest>

<!--  If the sum of all subset devices is higher than the total number of devices, so there will be overlapping  -->
<DataRequest>
<!--  Char  -->
<DR23-ID>AW</DR23-ID>
<!--  Seconds  -->
<DR23-Frequency>1</DR23-Frequency>
<!--  Seconds  -->
<DR23-DelayTolerance>0.5</DR23-DelayTolerance>
<!--  Max, Min, Avg, Count, Merger  -->
<DR23-AggFunction>Max</DR23-AggFunction>
<DR23-QueryContent>1</DR23-QueryContent>
</DataRequest>

<!--  If the sum of all subset devices is higher than the total number of devices, so there will be overlapping  -->
<DataRequest>
<!--  Char  -->
<DR24-ID>AX</DR24-ID>
<!--  Seconds  -->
<DR24-Frequency>1</DR24-Frequency>
<!--  Seconds  -->
<DR24-DelayTolerance>0.5</DR24-DelayTolerance>
<!--  Max, Min, Avg, Count, Merger  -->
<DR24-AggFunction>Max</DR24-AggFunction>
<DR24-QueryContent>1</DR24-QueryContent>
</DataRequest>

<!--  If the sum of all subset devices is higher than the total number of devices, so there will be overlapping  -->
<DataRequest>
<!--  Char  -->
<DR25-ID>AY</DR25-ID>
<!--  Seconds  -->
<DR25-Frequency>1</DR25-Frequency>
<!--  Seconds  -->
<DR25-DelayTolerance>0.5</DR25-DelayTolerance>
<!--  Max, Min, Avg, Count, Merger  -->
<DR25-AggFunction>Max</DR25-AggFunction>
<DR25-QueryContent>1</DR25-QueryContent>
</DataRequest>

<!--  If the sum of all subset devices is higher than the total number of devices, so there will be overlapping  -->
<DataRequest>
<!--  Char  -->
<DR26-ID>AZ</DR26-ID>
<!--  Seconds  -->
<DR26-Frequency>1</DR26-Frequency>
<!--  Seconds  -->
<DR26-DelayTolerance>0.5</DR26-DelayTolerance>
<!--  Max, Min, Avg, Count, Merger  -->
<DR26-AggFunction>Max</DR26-AggFunction>
<DR26-QueryContent>1</DR26-QueryContent>
</DataRequest>

<!--  If the sum of all subset devices is higher than the total number of devices, so there will be overlapping  -->
<DataRequest>
<!--  Char  -->
<DR27-ID>BA</DR27-ID>
<!--  Seconds  -->
<DR27-Frequency>1</DR27-Frequency>
<!--  Seconds  -->
<DR27-DelayTolerance>0.5</DR27-DelayTolerance>
<!--  Max, Min, Avg, Count, Merger  -->
<DR27-AggFunction>Max</DR27-AggFunction>
<DR27-QueryContent>1</DR27-QueryContent>
</DataRequest>

<!--  If the sum of all subset devices is higher than the total number of devices, so there will be overlapping  -->
<DataRequest>
<!--  Char  -->
<DR28-ID>BB</DR28-ID>
<!--  Seconds  -->
<DR28-Frequency>1</DR28-Frequency>
<!--  Seconds  -->
<DR28-DelayTolerance>0.5</DR28-DelayTolerance>
<!--  Max, Min, Avg, Count, Merger  -->
<DR28-AggFunction>Max</DR28-AggFunction>
<DR28-QueryContent>1</DR28-QueryContent>
</DataRequest>

<!--  If the sum of all subset devices is higher than the total number of devices, so there will be overlapping  -->
<DataRequest>
<!--  Char  -->
<DR29-ID>BC</DR29-ID>
<!--  Seconds  -->
<DR29-Frequency>1</DR29-Frequency>
<!--  Seconds  -->
<DR29-DelayTolerance>0.5</DR29-DelayTolerance>
<!--  Max, Min, Avg, Count, Merger  -->
<DR29-AggFunction>Max</DR29-AggFunction>
<DR29-QueryContent>1</DR29-QueryContent>
</DataRequest>

<!--  If the sum of all subset devices is higher than the total number of devices, so there will be overlapping  -->
<DataRequest>
<!--  Char  -->
<DR30-ID>BD</DR30-ID>
<!--  Seconds  -->
<DR30-Frequency>1</DR30-Frequency>
<!--  Seconds  -->
<DR30-DelayTolerance>0.5</DR30-DelayTolerance>
<!--  Max, Min, Avg, Count, Merger  -->
<DR30-AggFunction>Max</DR30-AggFunction>
<DR30-QueryContent>1</DR30-QueryContent>
</DataRequest>

<!--  If the sum of all subset devices is higher than the total number of devices, so there will be overlapping  -->
<DataRequest>
<!--  Char  -->
<DR31-ID>BE</DR31-ID>
<!--  Seconds  -->
<DR31-Frequency>1</DR31-Frequency>
<!--  Seconds  -->
<DR31-DelayTolerance>0.5</DR31-DelayTolerance>
<!--  Max, Min, Avg, Count, Merger  -->
<DR31-AggFunction>Max</DR31-AggFunction>
<DR31-QueryContent>1</DR31-QueryContent>
</DataRequest>

<!--  If the sum of all subset devices is higher than the total number of devices, so there will be overlapping  -->
<DataRequest>
<!--  Char  -->
<DR32-ID>BF</DR32-ID>
<!--  Seconds  -->
<DR32-Frequency>1</DR32-Frequency>
<!--  Seconds  -->
<DR32-DelayTolerance>0.5</DR32-DelayTolerance>
<!--  Max, Min, Avg, Count, Merger  -->
<DR32-AggFunction>Max</DR32-AggFunction>
<DR32-QueryContent>1</DR32-QueryContent>
</DataRequest>
</simulation>
