<simulation>
<Devices>
<!-- Int  -->
<NumberOfDevices>73</NumberOfDevices>
<!--  mJ  -->
<Tx_consumption>1.1</Tx_consumption>
<!--  mJ  -->
<Rx_consumption>1.1</Rx_consumption>
<!--  Standard Unit  -->
<Range>30</Range>
<!--  Heterogeneous or Homogeneous  -->
<InitialEnergyDistribution>Heterogeneous</InitialEnergyDistribution>
<!-- Amount of energy. Joules -->
<InitialEnergy>0.5</InitialEnergy>
<!-- The initialEnergy value will vary + and - the initialEnergyVariation-->
<InitialEnergyVariation>0.02</InitialEnergyVariation>
<!-- Connected Random, Grid  -->
<GeographicDistribution>Grid</GeographicDistribution>
<!-- In this version all devices will be equipped with 1 same sensor -->
<!-- Temperature, Humidity, Gas, Water, Energy. -->
<Sensor>Temperature</Sensor>
<!-- kbps -->
<SensorRate>20</SensorRate>
</Devices>
<Gateway>
<!-- This program is not designed to have multiple Gateways. The Gateway is by default the device with index 0.  -->
<!-- Int. This version support only 1  -->
<NumberOfGW>1</NumberOfGW>
<!-- GW location: Corner (default) or center  -->
<GWlocation>Center</GWlocation>
</Gateway>
<MultipleDataRequests>
<!-- The number of DR that will be created -->
<NumberDataRequests>72</NumberDataRequests>
<!--  Subset selects randomly an set according to the size specified in the content -->
<!--  Next versions will implement ID, Data Type, Geographic, Energy Level and Random  -->
<QueriesType>Subset</QueriesType>
<!-- Interaction mode between the DRs. This version implements minimize, but max can be implemented -->
<DataRequestOverlapping>Minimize</DataRequestOverlapping>
<!-- The DRs receives a random frequency every run or non-random -->
<DRFrequency>Random</DRFrequency>
</MultipleDataRequests>
<InactiveNodes>
<!-- Control Data rate transmitted by inactive nodes. In kbps-->
<controlDataRate>1</controlDataRate>
<!-- Frequency of communication of inactive nodes (nodes that aren't member of any group). In seconds -->
<InactiveNodesFreq>10</InactiveNodesFreq>
</InactiveNodes>

<!--  If the sum of all subset devices is higher than the total number of devices, so there will be overlapping  -->
<DataRequest>
<!--  Char  -->
<DR1-ID>AA</DR1-ID>
<!--  Seconds  -->
<DR1-Frequency>1</DR1-Frequency>
<!--  Seconds  -->
<DR1-DelayTolerance>0.5</DR1-DelayTolerance>
<!--  Max, Min, Avg, Count, Merger  -->
<DR1-AggFunction>Max</DR1-AggFunction>
<DR1-QueryContent>1</DR1-QueryContent>
</DataRequest>

<!--  If the sum of all subset devices is higher than the total number of devices, so there will be overlapping  -->
<DataRequest>
<!--  Char  -->
<DR2-ID>AB</DR2-ID>
<!--  Seconds  -->
<DR2-Frequency>1</DR2-Frequency>
<!--  Seconds  -->
<DR2-DelayTolerance>0.5</DR2-DelayTolerance>
<!--  Max, Min, Avg, Count, Merger  -->
<DR2-AggFunction>Max</DR2-AggFunction>
<DR2-QueryContent>1</DR2-QueryContent>
</DataRequest>

<!--  If the sum of all subset devices is higher than the total number of devices, so there will be overlapping  -->
<DataRequest>
<!--  Char  -->
<DR3-ID>AC</DR3-ID>
<!--  Seconds  -->
<DR3-Frequency>1</DR3-Frequency>
<!--  Seconds  -->
<DR3-DelayTolerance>0.5</DR3-DelayTolerance>
<!--  Max, Min, Avg, Count, Merger  -->
<DR3-AggFunction>Max</DR3-AggFunction>
<DR3-QueryContent>1</DR3-QueryContent>
</DataRequest>

<!--  If the sum of all subset devices is higher than the total number of devices, so there will be overlapping  -->
<DataRequest>
<!--  Char  -->
<DR4-ID>AD</DR4-ID>
<!--  Seconds  -->
<DR4-Frequency>1</DR4-Frequency>
<!--  Seconds  -->
<DR4-DelayTolerance>0.5</DR4-DelayTolerance>
<!--  Max, Min, Avg, Count, Merger  -->
<DR4-AggFunction>Max</DR4-AggFunction>
<DR4-QueryContent>1</DR4-QueryContent>
</DataRequest>

<!--  If the sum of all subset devices is higher than the total number of devices, so there will be overlapping  -->
<DataRequest>
<!--  Char  -->
<DR5-ID>AE</DR5-ID>
<!--  Seconds  -->
<DR5-Frequency>1</DR5-Frequency>
<!--  Seconds  -->
<DR5-DelayTolerance>0.5</DR5-DelayTolerance>
<!--  Max, Min, Avg, Count, Merger  -->
<DR5-AggFunction>Max</DR5-AggFunction>
<DR5-QueryContent>1</DR5-QueryContent>
</DataRequest>

<!--  If the sum of all subset devices is higher than the total number of devices, so there will be overlapping  -->
<DataRequest>
<!--  Char  -->
<DR6-ID>AF</DR6-ID>
<!--  Seconds  -->
<DR6-Frequency>1</DR6-Frequency>
<!--  Seconds  -->
<DR6-DelayTolerance>0.5</DR6-DelayTolerance>
<!--  Max, Min, Avg, Count, Merger  -->
<DR6-AggFunction>Max</DR6-AggFunction>
<DR6-QueryContent>1</DR6-QueryContent>
</DataRequest>

<!--  If the sum of all subset devices is higher than the total number of devices, so there will be overlapping  -->
<DataRequest>
<!--  Char  -->
<DR7-ID>AG</DR7-ID>
<!--  Seconds  -->
<DR7-Frequency>1</DR7-Frequency>
<!--  Seconds  -->
<DR7-DelayTolerance>0.5</DR7-DelayTolerance>
<!--  Max, Min, Avg, Count, Merger  -->
<DR7-AggFunction>Max</DR7-AggFunction>
<DR7-QueryContent>1</DR7-QueryContent>
</DataRequest>

<!--  If the sum of all subset devices is higher than the total number of devices, so there will be overlapping  -->
<DataRequest>
<!--  Char  -->
<DR8-ID>AH</DR8-ID>
<!--  Seconds  -->
<DR8-Frequency>1</DR8-Frequency>
<!--  Seconds  -->
<DR8-DelayTolerance>0.5</DR8-DelayTolerance>
<!--  Max, Min, Avg, Count, Merger  -->
<DR8-AggFunction>Max</DR8-AggFunction>
<DR8-QueryContent>1</DR8-QueryContent>
</DataRequest>

<!--  If the sum of all subset devices is higher than the total number of devices, so there will be overlapping  -->
<DataRequest>
<!--  Char  -->
<DR9-ID>AI</DR9-ID>
<!--  Seconds  -->
<DR9-Frequency>1</DR9-Frequency>
<!--  Seconds  -->
<DR9-DelayTolerance>0.5</DR9-DelayTolerance>
<!--  Max, Min, Avg, Count, Merger  -->
<DR9-AggFunction>Max</DR9-AggFunction>
<DR9-QueryContent>1</DR9-QueryContent>
</DataRequest>

<!--  If the sum of all subset devices is higher than the total number of devices, so there will be overlapping  -->
<DataRequest>
<!--  Char  -->
<DR10-ID>AJ</DR10-ID>
<!--  Seconds  -->
<DR10-Frequency>1</DR10-Frequency>
<!--  Seconds  -->
<DR10-DelayTolerance>0.5</DR10-DelayTolerance>
<!--  Max, Min, Avg, Count, Merger  -->
<DR10-AggFunction>Max</DR10-AggFunction>
<DR10-QueryContent>1</DR10-QueryContent>
</DataRequest>

<!--  If the sum of all subset devices is higher than the total number of devices, so there will be overlapping  -->
<DataRequest>
<!--  Char  -->
<DR11-ID>AK</DR11-ID>
<!--  Seconds  -->
<DR11-Frequency>1</DR11-Frequency>
<!--  Seconds  -->
<DR11-DelayTolerance>0.5</DR11-DelayTolerance>
<!--  Max, Min, Avg, Count, Merger  -->
<DR11-AggFunction>Max</DR11-AggFunction>
<DR11-QueryContent>1</DR11-QueryContent>
</DataRequest>

<!--  If the sum of all subset devices is higher than the total number of devices, so there will be overlapping  -->
<DataRequest>
<!--  Char  -->
<DR12-ID>AL</DR12-ID>
<!--  Seconds  -->
<DR12-Frequency>1</DR12-Frequency>
<!--  Seconds  -->
<DR12-DelayTolerance>0.5</DR12-DelayTolerance>
<!--  Max, Min, Avg, Count, Merger  -->
<DR12-AggFunction>Max</DR12-AggFunction>
<DR12-QueryContent>1</DR12-QueryContent>
</DataRequest>

<!--  If the sum of all subset devices is higher than the total number of devices, so there will be overlapping  -->
<DataRequest>
<!--  Char  -->
<DR13-ID>AM</DR13-ID>
<!--  Seconds  -->
<DR13-Frequency>1</DR13-Frequency>
<!--  Seconds  -->
<DR13-DelayTolerance>0.5</DR13-DelayTolerance>
<!--  Max, Min, Avg, Count, Merger  -->
<DR13-AggFunction>Max</DR13-AggFunction>
<DR13-QueryContent>1</DR13-QueryContent>
</DataRequest>

<!--  If the sum of all subset devices is higher than the total number of devices, so there will be overlapping  -->
<DataRequest>
<!--  Char  -->
<DR14-ID>AN</DR14-ID>
<!--  Seconds  -->
<DR14-Frequency>1</DR14-Frequency>
<!--  Seconds  -->
<DR14-DelayTolerance>0.5</DR14-DelayTolerance>
<!--  Max, Min, Avg, Count, Merger  -->
<DR14-AggFunction>Max</DR14-AggFunction>
<DR14-QueryContent>1</DR14-QueryContent>
</DataRequest>

<!--  If the sum of all subset devices is higher than the total number of devices, so there will be overlapping  -->
<DataRequest>
<!--  Char  -->
<DR15-ID>AO</DR15-ID>
<!--  Seconds  -->
<DR15-Frequency>1</DR15-Frequency>
<!--  Seconds  -->
<DR15-DelayTolerance>0.5</DR15-DelayTolerance>
<!--  Max, Min, Avg, Count, Merger  -->
<DR15-AggFunction>Max</DR15-AggFunction>
<DR15-QueryContent>1</DR15-QueryContent>
</DataRequest>

<!--  If the sum of all subset devices is higher than the total number of devices, so there will be overlapping  -->
<DataRequest>
<!--  Char  -->
<DR16-ID>AP</DR16-ID>
<!--  Seconds  -->
<DR16-Frequency>1</DR16-Frequency>
<!--  Seconds  -->
<DR16-DelayTolerance>0.5</DR16-DelayTolerance>
<!--  Max, Min, Avg, Count, Merger  -->
<DR16-AggFunction>Max</DR16-AggFunction>
<DR16-QueryContent>1</DR16-QueryContent>
</DataRequest>

<!--  If the sum of all subset devices is higher than the total number of devices, so there will be overlapping  -->
<DataRequest>
<!--  Char  -->
<DR17-ID>AQ</DR17-ID>
<!--  Seconds  -->
<DR17-Frequency>1</DR17-Frequency>
<!--  Seconds  -->
<DR17-DelayTolerance>0.5</DR17-DelayTolerance>
<!--  Max, Min, Avg, Count, Merger  -->
<DR17-AggFunction>Max</DR17-AggFunction>
<DR17-QueryContent>1</DR17-QueryContent>
</DataRequest>

<!--  If the sum of all subset devices is higher than the total number of devices, so there will be overlapping  -->
<DataRequest>
<!--  Char  -->
<DR18-ID>AR</DR18-ID>
<!--  Seconds  -->
<DR18-Frequency>1</DR18-Frequency>
<!--  Seconds  -->
<DR18-DelayTolerance>0.5</DR18-DelayTolerance>
<!--  Max, Min, Avg, Count, Merger  -->
<DR18-AggFunction>Max</DR18-AggFunction>
<DR18-QueryContent>1</DR18-QueryContent>
</DataRequest>

<!--  If the sum of all subset devices is higher than the total number of devices, so there will be overlapping  -->
<DataRequest>
<!--  Char  -->
<DR19-ID>AS</DR19-ID>
<!--  Seconds  -->
<DR19-Frequency>1</DR19-Frequency>
<!--  Seconds  -->
<DR19-DelayTolerance>0.5</DR19-DelayTolerance>
<!--  Max, Min, Avg, Count, Merger  -->
<DR19-AggFunction>Max</DR19-AggFunction>
<DR19-QueryContent>1</DR19-QueryContent>
</DataRequest>

<!--  If the sum of all subset devices is higher than the total number of devices, so there will be overlapping  -->
<DataRequest>
<!--  Char  -->
<DR20-ID>AT</DR20-ID>
<!--  Seconds  -->
<DR20-Frequency>1</DR20-Frequency>
<!--  Seconds  -->
<DR20-DelayTolerance>0.5</DR20-DelayTolerance>
<!--  Max, Min, Avg, Count, Merger  -->
<DR20-AggFunction>Max</DR20-AggFunction>
<DR20-QueryContent>1</DR20-QueryContent>
</DataRequest>

<!--  If the sum of all subset devices is higher than the total number of devices, so there will be overlapping  -->
<DataRequest>
<!--  Char  -->
<DR21-ID>AU</DR21-ID>
<!--  Seconds  -->
<DR21-Frequency>1</DR21-Frequency>
<!--  Seconds  -->
<DR21-DelayTolerance>0.5</DR21-DelayTolerance>
<!--  Max, Min, Avg, Count, Merger  -->
<DR21-AggFunction>Max</DR21-AggFunction>
<DR21-QueryContent>1</DR21-QueryContent>
</DataRequest>

<!--  If the sum of all subset devices is higher than the total number of devices, so there will be overlapping  -->
<DataRequest>
<!--  Char  -->
<DR22-ID>AV</DR22-ID>
<!--  Seconds  -->
<DR22-Frequency>1</DR22-Frequency>
<!--  Seconds  -->
<DR22-DelayTolerance>0.5</DR22-DelayTolerance>
<!--  Max, Min, Avg, Count, Merger  -->
<DR22-AggFunction>Max</DR22-AggFunction>
<DR22-QueryContent>1</DR22-QueryContent>
</DataRequest>

<!--  If the sum of all subset devices is higher than the total number of devices, so there will be overlapping  -->
<DataRequest>
<!--  Char  -->
<DR23-ID>AW</DR23-ID>
<!--  Seconds  -->
<DR23-Frequency>1</DR23-Frequency>
<!--  Seconds  -->
<DR23-DelayTolerance>0.5</DR23-DelayTolerance>
<!--  Max, Min, Avg, Count, Merger  -->
<DR23-AggFunction>Max</DR23-AggFunction>
<DR23-QueryContent>1</DR23-QueryContent>
</DataRequest>

<!--  If the sum of all subset devices is higher than the total number of devices, so there will be overlapping  -->
<DataRequest>
<!--  Char  -->
<DR24-ID>AX</DR24-ID>
<!--  Seconds  -->
<DR24-Frequency>1</DR24-Frequency>
<!--  Seconds  -->
<DR24-DelayTolerance>0.5</DR24-DelayTolerance>
<!--  Max, Min, Avg, Count, Merger  -->
<DR24-AggFunction>Max</DR24-AggFunction>
<DR24-QueryContent>1</DR24-QueryContent>
</DataRequest>

<!--  If the sum of all subset devices is higher than the total number of devices, so there will be overlapping  -->
<DataRequest>
<!--  Char  -->
<DR25-ID>AY</DR25-ID>
<!--  Seconds  -->
<DR25-Frequency>1</DR25-Frequency>
<!--  Seconds  -->
<DR25-DelayTolerance>0.5</DR25-DelayTolerance>
<!--  Max, Min, Avg, Count, Merger  -->
<DR25-AggFunction>Max</DR25-AggFunction>
<DR25-QueryContent>1</DR25-QueryContent>
</DataRequest>

<!--  If the sum of all subset devices is higher than the total number of devices, so there will be overlapping  -->
<DataRequest>
<!--  Char  -->
<DR26-ID>AZ</DR26-ID>
<!--  Seconds  -->
<DR26-Frequency>1</DR26-Frequency>
<!--  Seconds  -->
<DR26-DelayTolerance>0.5</DR26-DelayTolerance>
<!--  Max, Min, Avg, Count, Merger  -->
<DR26-AggFunction>Max</DR26-AggFunction>
<DR26-QueryContent>1</DR26-QueryContent>
</DataRequest>

<!--  If the sum of all subset devices is higher than the total number of devices, so there will be overlapping  -->
<DataRequest>
<!--  Char  -->
<DR27-ID>BA</DR27-ID>
<!--  Seconds  -->
<DR27-Frequency>1</DR27-Frequency>
<!--  Seconds  -->
<DR27-DelayTolerance>0.5</DR27-DelayTolerance>
<!--  Max, Min, Avg, Count, Merger  -->
<DR27-AggFunction>Max</DR27-AggFunction>
<DR27-QueryContent>1</DR27-QueryContent>
</DataRequest>

<!--  If the sum of all subset devices is higher than the total number of devices, so there will be overlapping  -->
<DataRequest>
<!--  Char  -->
<DR28-ID>BB</DR28-ID>
<!--  Seconds  -->
<DR28-Frequency>1</DR28-Frequency>
<!--  Seconds  -->
<DR28-DelayTolerance>0.5</DR28-DelayTolerance>
<!--  Max, Min, Avg, Count, Merger  -->
<DR28-AggFunction>Max</DR28-AggFunction>
<DR28-QueryContent>1</DR28-QueryContent>
</DataRequest>

<!--  If the sum of all subset devices is higher than the total number of devices, so there will be overlapping  -->
<DataRequest>
<!--  Char  -->
<DR29-ID>BC</DR29-ID>
<!--  Seconds  -->
<DR29-Frequency>1</DR29-Frequency>
<!--  Seconds  -->
<DR29-DelayTolerance>0.5</DR29-DelayTolerance>
<!--  Max, Min, Avg, Count, Merger  -->
<DR29-AggFunction>Max</DR29-AggFunction>
<DR29-QueryContent>1</DR29-QueryContent>
</DataRequest>

<!--  If the sum of all subset devices is higher than the total number of devices, so there will be overlapping  -->
<DataRequest>
<!--  Char  -->
<DR30-ID>BD</DR30-ID>
<!--  Seconds  -->
<DR30-Frequency>1</DR30-Frequency>
<!--  Seconds  -->
<DR30-DelayTolerance>0.5</DR30-DelayTolerance>
<!--  Max, Min, Avg, Count, Merger  -->
<DR30-AggFunction>Max</DR30-AggFunction>
<DR30-QueryContent>1</DR30-QueryContent>
</DataRequest>

<!--  If the sum of all subset devices is higher than the total number of devices, so there will be overlapping  -->
<DataRequest>
<!--  Char  -->
<DR31-ID>BE</DR31-ID>
<!--  Seconds  -->
<DR31-Frequency>1</DR31-Frequency>
<!--  Seconds  -->
<DR31-DelayTolerance>0.5</DR31-DelayTolerance>
<!--  Max, Min, Avg, Count, Merger  -->
<DR31-AggFunction>Max</DR31-AggFunction>
<DR31-QueryContent>1</DR31-QueryContent>
</DataRequest>

<!--  If the sum of all subset devices is higher than the total number of devices, so there will be overlapping  -->
<DataRequest>
<!--  Char  -->
<DR32-ID>BF</DR32-ID>
<!--  Seconds  -->
<DR32-Frequency>1</DR32-Frequency>
<!--  Seconds  -->
<DR32-DelayTolerance>0.5</DR32-DelayTolerance>
<!--  Max, Min, Avg, Count, Merger  -->
<DR32-AggFunction>Max</DR32-AggFunction>
<DR32-QueryContent>1</DR32-QueryContent>
</DataRequest>

<!--  If the sum of all subset devices is higher than the total number of devices, so there will be overlapping  -->
<DataRequest>
<!--  Char  -->
<DR33-ID>BG</DR33-ID>
<!--  Seconds  -->
<DR33-Frequency>1</DR33-Frequency>
<!--  Seconds  -->
<DR33-DelayTolerance>0.5</DR33-DelayTolerance>
<!--  Max, Min, Avg, Count, Merger  -->
<DR33-AggFunction>Max</DR33-AggFunction>
<DR33-QueryContent>1</DR33-QueryContent>
</DataRequest>

<!--  If the sum of all subset devices is higher than the total number of devices, so there will be overlapping  -->
<DataRequest>
<!--  Char  -->
<DR34-ID>BH</DR34-ID>
<!--  Seconds  -->
<DR34-Frequency>1</DR34-Frequency>
<!--  Seconds  -->
<DR34-DelayTolerance>0.5</DR34-DelayTolerance>
<!--  Max, Min, Avg, Count, Merger  -->
<DR34-AggFunction>Max</DR34-AggFunction>
<DR34-QueryContent>1</DR34-QueryContent>
</DataRequest>

<!--  If the sum of all subset devices is higher than the total number of devices, so there will be overlapping  -->
<DataRequest>
<!--  Char  -->
<DR35-ID>BI</DR35-ID>
<!--  Seconds  -->
<DR35-Frequency>1</DR35-Frequency>
<!--  Seconds  -->
<DR35-DelayTolerance>0.5</DR35-DelayTolerance>
<!--  Max, Min, Avg, Count, Merger  -->
<DR35-AggFunction>Max</DR35-AggFunction>
<DR35-QueryContent>1</DR35-QueryContent>
</DataRequest>

<!--  If the sum of all subset devices is higher than the total number of devices, so there will be overlapping  -->
<DataRequest>
<!--  Char  -->
<DR36-ID>BJ</DR36-ID>
<!--  Seconds  -->
<DR36-Frequency>1</DR36-Frequency>
<!--  Seconds  -->
<DR36-DelayTolerance>0.5</DR36-DelayTolerance>
<!--  Max, Min, Avg, Count, Merger  -->
<DR36-AggFunction>Max</DR36-AggFunction>
<DR36-QueryContent>1</DR36-QueryContent>
</DataRequest>

<!--  If the sum of all subset devices is higher than the total number of devices, so there will be overlapping  -->
<DataRequest>
<!--  Char  -->
<DR37-ID>BK</DR37-ID>
<!--  Seconds  -->
<DR37-Frequency>1</DR37-Frequency>
<!--  Seconds  -->
<DR37-DelayTolerance>0.5</DR37-DelayTolerance>
<!--  Max, Min, Avg, Count, Merger  -->
<DR37-AggFunction>Max</DR37-AggFunction>
<DR37-QueryContent>1</DR37-QueryContent>
</DataRequest>

<!--  If the sum of all subset devices is higher than the total number of devices, so there will be overlapping  -->
<DataRequest>
<!--  Char  -->
<DR38-ID>BL</DR38-ID>
<!--  Seconds  -->
<DR38-Frequency>1</DR38-Frequency>
<!--  Seconds  -->
<DR38-DelayTolerance>0.5</DR38-DelayTolerance>
<!--  Max, Min, Avg, Count, Merger  -->
<DR38-AggFunction>Max</DR38-AggFunction>
<DR38-QueryContent>1</DR38-QueryContent>
</DataRequest>

<!--  If the sum of all subset devices is higher than the total number of devices, so there will be overlapping  -->
<DataRequest>
<!--  Char  -->
<DR39-ID>BM</DR39-ID>
<!--  Seconds  -->
<DR39-Frequency>1</DR39-Frequency>
<!--  Seconds  -->
<DR39-DelayTolerance>0.5</DR39-DelayTolerance>
<!--  Max, Min, Avg, Count, Merger  -->
<DR39-AggFunction>Max</DR39-AggFunction>
<DR39-QueryContent>1</DR39-QueryContent>
</DataRequest>

<!--  If the sum of all subset devices is higher than the total number of devices, so there will be overlapping  -->
<DataRequest>
<!--  Char  -->
<DR40-ID>BN</DR40-ID>
<!--  Seconds  -->
<DR40-Frequency>1</DR40-Frequency>
<!--  Seconds  -->
<DR40-DelayTolerance>0.5</DR40-DelayTolerance>
<!--  Max, Min, Avg, Count, Merger  -->
<DR40-AggFunction>Max</DR40-AggFunction>
<DR40-QueryContent>1</DR40-QueryContent>
</DataRequest>

<!--  If the sum of all subset devices is higher than the total number of devices, so there will be overlapping  -->
<DataRequest>
<!--  Char  -->
<DR41-ID>BO</DR41-ID>
<!--  Seconds  -->
<DR41-Frequency>1</DR41-Frequency>
<!--  Seconds  -->
<DR41-DelayTolerance>0.5</DR41-DelayTolerance>
<!--  Max, Min, Avg, Count, Merger  -->
<DR41-AggFunction>Max</DR41-AggFunction>
<DR41-QueryContent>1</DR41-QueryContent>
</DataRequest>

<!--  If the sum of all subset devices is higher than the total number of devices, so there will be overlapping  -->
<DataRequest>
<!--  Char  -->
<DR42-ID>BP</DR42-ID>
<!--  Seconds  -->
<DR42-Frequency>1</DR42-Frequency>
<!--  Seconds  -->
<DR42-DelayTolerance>0.5</DR42-DelayTolerance>
<!--  Max, Min, Avg, Count, Merger  -->
<DR42-AggFunction>Max</DR42-AggFunction>
<DR42-QueryContent>1</DR42-QueryContent>
</DataRequest>

<!--  If the sum of all subset devices is higher than the total number of devices, so there will be overlapping  -->
<DataRequest>
<!--  Char  -->
<DR43-ID>BQ</DR43-ID>
<!--  Seconds  -->
<DR43-Frequency>1</DR43-Frequency>
<!--  Seconds  -->
<DR43-DelayTolerance>0.5</DR43-DelayTolerance>
<!--  Max, Min, Avg, Count, Merger  -->
<DR43-AggFunction>Max</DR43-AggFunction>
<DR43-QueryContent>1</DR43-QueryContent>
</DataRequest>

<!--  If the sum of all subset devices is higher than the total number of devices, so there will be overlapping  -->
<DataRequest>
<!--  Char  -->
<DR44-ID>BR</DR44-ID>
<!--  Seconds  -->
<DR44-Frequency>1</DR44-Frequency>
<!--  Seconds  -->
<DR44-DelayTolerance>0.5</DR44-DelayTolerance>
<!--  Max, Min, Avg, Count, Merger  -->
<DR44-AggFunction>Max</DR44-AggFunction>
<DR44-QueryContent>1</DR44-QueryContent>
</DataRequest>

<!--  If the sum of all subset devices is higher than the total number of devices, so there will be overlapping  -->
<DataRequest>
<!--  Char  -->
<DR45-ID>BS</DR45-ID>
<!--  Seconds  -->
<DR45-Frequency>1</DR45-Frequency>
<!--  Seconds  -->
<DR45-DelayTolerance>0.5</DR45-DelayTolerance>
<!--  Max, Min, Avg, Count, Merger  -->
<DR45-AggFunction>Max</DR45-AggFunction>
<DR45-QueryContent>1</DR45-QueryContent>
</DataRequest>

<!--  If the sum of all subset devices is higher than the total number of devices, so there will be overlapping  -->
<DataRequest>
<!--  Char  -->
<DR46-ID>BT</DR46-ID>
<!--  Seconds  -->
<DR46-Frequency>1</DR46-Frequency>
<!--  Seconds  -->
<DR46-DelayTolerance>0.5</DR46-DelayTolerance>
<!--  Max, Min, Avg, Count, Merger  -->
<DR46-AggFunction>Max</DR46-AggFunction>
<DR46-QueryContent>1</DR46-QueryContent>
</DataRequest>

<!--  If the sum of all subset devices is higher than the total number of devices, so there will be overlapping  -->
<DataRequest>
<!--  Char  -->
<DR47-ID>BU</DR47-ID>
<!--  Seconds  -->
<DR47-Frequency>1</DR47-Frequency>
<!--  Seconds  -->
<DR47-DelayTolerance>0.5</DR47-DelayTolerance>
<!--  Max, Min, Avg, Count, Merger  -->
<DR47-AggFunction>Max</DR47-AggFunction>
<DR47-QueryContent>1</DR47-QueryContent>
</DataRequest>

<!--  If the sum of all subset devices is higher than the total number of devices, so there will be overlapping  -->
<DataRequest>
<!--  Char  -->
<DR48-ID>BV</DR48-ID>
<!--  Seconds  -->
<DR48-Frequency>1</DR48-Frequency>
<!--  Seconds  -->
<DR48-DelayTolerance>0.5</DR48-DelayTolerance>
<!--  Max, Min, Avg, Count, Merger  -->
<DR48-AggFunction>Max</DR48-AggFunction>
<DR48-QueryContent>1</DR48-QueryContent>
</DataRequest>

<!--  If the sum of all subset devices is higher than the total number of devices, so there will be overlapping  -->
<DataRequest>
<!--  Char  -->
<DR49-ID>BW</DR49-ID>
<!--  Seconds  -->
<DR49-Frequency>1</DR49-Frequency>
<!--  Seconds  -->
<DR49-DelayTolerance>0.5</DR49-DelayTolerance>
<!--  Max, Min, Avg, Count, Merger  -->
<DR49-AggFunction>Max</DR49-AggFunction>
<DR49-QueryContent>1</DR49-QueryContent>
</DataRequest>

<!--  If the sum of all subset devices is higher than the total number of devices, so there will be overlapping  -->
<DataRequest>
<!--  Char  -->
<DR50-ID>BX</DR50-ID>
<!--  Seconds  -->
<DR50-Frequency>1</DR50-Frequency>
<!--  Seconds  -->
<DR50-DelayTolerance>0.5</DR50-DelayTolerance>
<!--  Max, Min, Avg, Count, Merger  -->
<DR50-AggFunction>Max</DR50-AggFunction>
<DR50-QueryContent>1</DR50-QueryContent>
</DataRequest>

<!--  If the sum of all subset devices is higher than the total number of devices, so there will be overlapping  -->
<DataRequest>
<!--  Char  -->
<DR51-ID>BY</DR51-ID>
<!--  Seconds  -->
<DR51-Frequency>1</DR51-Frequency>
<!--  Seconds  -->
<DR51-DelayTolerance>0.5</DR51-DelayTolerance>
<!--  Max, Min, Avg, Count, Merger  -->
<DR51-AggFunction>Max</DR51-AggFunction>
<DR51-QueryContent>1</DR51-QueryContent>
</DataRequest>

<!--  If the sum of all subset devices is higher than the total number of devices, so there will be overlapping  -->
<DataRequest>
<!--  Char  -->
<DR52-ID>BZ</DR52-ID>
<!--  Seconds  -->
<DR52-Frequency>1</DR52-Frequency>
<!--  Seconds  -->
<DR52-DelayTolerance>0.5</DR52-DelayTolerance>
<!--  Max, Min, Avg, Count, Merger  -->
<DR52-AggFunction>Max</DR52-AggFunction>
<DR52-QueryContent>1</DR52-QueryContent>
</DataRequest>

<!--  If the sum of all subset devices is higher than the total number of devices, so there will be overlapping  -->
<DataRequest>
<!--  Char  -->
<DR53-ID>CA</DR53-ID>
<!--  Seconds  -->
<DR53-Frequency>1</DR53-Frequency>
<!--  Seconds  -->
<DR53-DelayTolerance>0.5</DR53-DelayTolerance>
<!--  Max, Min, Avg, Count, Merger  -->
<DR53-AggFunction>Max</DR53-AggFunction>
<DR53-QueryContent>1</DR53-QueryContent>
</DataRequest>

<!--  If the sum of all subset devices is higher than the total number of devices, so there will be overlapping  -->
<DataRequest>
<!--  Char  -->
<DR54-ID>CB</DR54-ID>
<!--  Seconds  -->
<DR54-Frequency>1</DR54-Frequency>
<!--  Seconds  -->
<DR54-DelayTolerance>0.5</DR54-DelayTolerance>
<!--  Max, Min, Avg, Count, Merger  -->
<DR54-AggFunction>Max</DR54-AggFunction>
<DR54-QueryContent>1</DR54-QueryContent>
</DataRequest>

<!--  If the sum of all subset devices is higher than the total number of devices, so there will be overlapping  -->
<DataRequest>
<!--  Char  -->
<DR55-ID>CC</DR55-ID>
<!--  Seconds  -->
<DR55-Frequency>1</DR55-Frequency>
<!--  Seconds  -->
<DR55-DelayTolerance>0.5</DR55-DelayTolerance>
<!--  Max, Min, Avg, Count, Merger  -->
<DR55-AggFunction>Max</DR55-AggFunction>
<DR55-QueryContent>1</DR55-QueryContent>
</DataRequest>

<!--  If the sum of all subset devices is higher than the total number of devices, so there will be overlapping  -->
<DataRequest>
<!--  Char  -->
<DR56-ID>CD</DR56-ID>
<!--  Seconds  -->
<DR56-Frequency>1</DR56-Frequency>
<!--  Seconds  -->
<DR56-DelayTolerance>0.5</DR56-DelayTolerance>
<!--  Max, Min, Avg, Count, Merger  -->
<DR56-AggFunction>Max</DR56-AggFunction>
<DR56-QueryContent>1</DR56-QueryContent>
</DataRequest>

<!--  If the sum of all subset devices is higher than the total number of devices, so there will be overlapping  -->
<DataRequest>
<!--  Char  -->
<DR57-ID>CE</DR57-ID>
<!--  Seconds  -->
<DR57-Frequency>1</DR57-Frequency>
<!--  Seconds  -->
<DR57-DelayTolerance>0.5</DR57-DelayTolerance>
<!--  Max, Min, Avg, Count, Merger  -->
<DR57-AggFunction>Max</DR57-AggFunction>
<DR57-QueryContent>1</DR57-QueryContent>
</DataRequest>

<!--  If the sum of all subset devices is higher than the total number of devices, so there will be overlapping  -->
<DataRequest>
<!--  Char  -->
<DR58-ID>CF</DR58-ID>
<!--  Seconds  -->
<DR58-Frequency>1</DR58-Frequency>
<!--  Seconds  -->
<DR58-DelayTolerance>0.5</DR58-DelayTolerance>
<!--  Max, Min, Avg, Count, Merger  -->
<DR58-AggFunction>Max</DR58-AggFunction>
<DR58-QueryContent>1</DR58-QueryContent>
</DataRequest>

<!--  If the sum of all subset devices is higher than the total number of devices, so there will be overlapping  -->
<DataRequest>
<!--  Char  -->
<DR59-ID>CG</DR59-ID>
<!--  Seconds  -->
<DR59-Frequency>1</DR59-Frequency>
<!--  Seconds  -->
<DR59-DelayTolerance>0.5</DR59-DelayTolerance>
<!--  Max, Min, Avg, Count, Merger  -->
<DR59-AggFunction>Max</DR59-AggFunction>
<DR59-QueryContent>1</DR59-QueryContent>
</DataRequest>

<!--  If the sum of all subset devices is higher than the total number of devices, so there will be overlapping  -->
<DataRequest>
<!--  Char  -->
<DR60-ID>CH</DR60-ID>
<!--  Seconds  -->
<DR60-Frequency>1</DR60-Frequency>
<!--  Seconds  -->
<DR60-DelayTolerance>0.5</DR60-DelayTolerance>
<!--  Max, Min, Avg, Count, Merger  -->
<DR60-AggFunction>Max</DR60-AggFunction>
<DR60-QueryContent>1</DR60-QueryContent>
</DataRequest>

<!--  If the sum of all subset devices is higher than the total number of devices, so there will be overlapping  -->
<DataRequest>
<!--  Char  -->
<DR61-ID>CI</DR61-ID>
<!--  Seconds  -->
<DR61-Frequency>1</DR61-Frequency>
<!--  Seconds  -->
<DR61-DelayTolerance>0.5</DR61-DelayTolerance>
<!--  Max, Min, Avg, Count, Merger  -->
<DR61-AggFunction>Max</DR61-AggFunction>
<DR61-QueryContent>1</DR61-QueryContent>
</DataRequest>

<!--  If the sum of all subset devices is higher than the total number of devices, so there will be overlapping  -->
<DataRequest>
<!--  Char  -->
<DR62-ID>CJ</DR62-ID>
<!--  Seconds  -->
<DR62-Frequency>1</DR62-Frequency>
<!--  Seconds  -->
<DR62-DelayTolerance>0.5</DR62-DelayTolerance>
<!--  Max, Min, Avg, Count, Merger  -->
<DR62-AggFunction>Max</DR62-AggFunction>
<DR62-QueryContent>1</DR62-QueryContent>
</DataRequest>

<!--  If the sum of all subset devices is higher than the total number of devices, so there will be overlapping  -->
<DataRequest>
<!--  Char  -->
<DR63-ID>CK</DR63-ID>
<!--  Seconds  -->
<DR63-Frequency>1</DR63-Frequency>
<!--  Seconds  -->
<DR63-DelayTolerance>0.5</DR63-DelayTolerance>
<!--  Max, Min, Avg, Count, Merger  -->
<DR63-AggFunction>Max</DR63-AggFunction>
<DR63-QueryContent>1</DR63-QueryContent>
</DataRequest>

<!--  If the sum of all subset devices is higher than the total number of devices, so there will be overlapping  -->
<DataRequest>
<!--  Char  -->
<DR64-ID>CL</DR64-ID>
<!--  Seconds  -->
<DR64-Frequency>1</DR64-Frequency>
<!--  Seconds  -->
<DR64-DelayTolerance>0.5</DR64-DelayTolerance>
<!--  Max, Min, Avg, Count, Merger  -->
<DR64-AggFunction>Max</DR64-AggFunction>
<DR64-QueryContent>1</DR64-QueryContent>
</DataRequest>

<!--  If the sum of all subset devices is higher than the total number of devices, so there will be overlapping  -->
<DataRequest>
<!--  Char  -->
<DR65-ID>CM</DR65-ID>
<!--  Seconds  -->
<DR65-Frequency>1</DR65-Frequency>
<!--  Seconds  -->
<DR65-DelayTolerance>0.5</DR65-DelayTolerance>
<!--  Max, Min, Avg, Count, Merger  -->
<DR65-AggFunction>Max</DR65-AggFunction>
<DR65-QueryContent>1</DR65-QueryContent>
</DataRequest>

<!--  If the sum of all subset devices is higher than the total number of devices, so there will be overlapping  -->
<DataRequest>
<!--  Char  -->
<DR66-ID>CN</DR66-ID>
<!--  Seconds  -->
<DR66-Frequency>1</DR66-Frequency>
<!--  Seconds  -->
<DR66-DelayTolerance>0.5</DR66-DelayTolerance>
<!--  Max, Min, Avg, Count, Merger  -->
<DR66-AggFunction>Max</DR66-AggFunction>
<DR66-QueryContent>1</DR66-QueryContent>
</DataRequest>

<!--  If the sum of all subset devices is higher than the total number of devices, so there will be overlapping  -->
<DataRequest>
<!--  Char  -->
<DR67-ID>CO</DR67-ID>
<!--  Seconds  -->
<DR67-Frequency>1</DR67-Frequency>
<!--  Seconds  -->
<DR67-DelayTolerance>0.5</DR67-DelayTolerance>
<!--  Max, Min, Avg, Count, Merger  -->
<DR67-AggFunction>Max</DR67-AggFunction>
<DR67-QueryContent>1</DR67-QueryContent>
</DataRequest>

<!--  If the sum of all subset devices is higher than the total number of devices, so there will be overlapping  -->
<DataRequest>
<!--  Char  -->
<DR68-ID>CP</DR68-ID>
<!--  Seconds  -->
<DR68-Frequency>1</DR68-Frequency>
<!--  Seconds  -->
<DR68-DelayTolerance>0.5</DR68-DelayTolerance>
<!--  Max, Min, Avg, Count, Merger  -->
<DR68-AggFunction>Max</DR68-AggFunction>
<DR68-QueryContent>1</DR68-QueryContent>
</DataRequest>

<!--  If the sum of all subset devices is higher than the total number of devices, so there will be overlapping  -->
<DataRequest>
<!--  Char  -->
<DR69-ID>CQ</DR69-ID>
<!--  Seconds  -->
<DR69-Frequency>1</DR69-Frequency>
<!--  Seconds  -->
<DR69-DelayTolerance>0.5</DR69-DelayTolerance>
<!--  Max, Min, Avg, Count, Merger  -->
<DR69-AggFunction>Max</DR69-AggFunction>
<DR69-QueryContent>1</DR69-QueryContent>
</DataRequest>

<!--  If the sum of all subset devices is higher than the total number of devices, so there will be overlapping  -->
<DataRequest>
<!--  Char  -->
<DR70-ID>CR</DR70-ID>
<!--  Seconds  -->
<DR70-Frequency>1</DR70-Frequency>
<!--  Seconds  -->
<DR70-DelayTolerance>0.5</DR70-DelayTolerance>
<!--  Max, Min, Avg, Count, Merger  -->
<DR70-AggFunction>Max</DR70-AggFunction>
<DR70-QueryContent>1</DR70-QueryContent>
</DataRequest>

<!--  If the sum of all subset devices is higher than the total number of devices, so there will be overlapping  -->
<DataRequest>
<!--  Char  -->
<DR71-ID>CS</DR71-ID>
<!--  Seconds  -->
<DR71-Frequency>1</DR71-Frequency>
<!--  Seconds  -->
<DR71-DelayTolerance>0.5</DR71-DelayTolerance>
<!--  Max, Min, Avg, Count, Merger  -->
<DR71-AggFunction>Max</DR71-AggFunction>
<DR71-QueryContent>1</DR71-QueryContent>
</DataRequest>

<!--  If the sum of all subset devices is higher than the total number of devices, so there will be overlapping  -->
<DataRequest>
<!--  Char  -->
<DR72-ID>CT</DR72-ID>
<!--  Seconds  -->
<DR72-Frequency>1</DR72-Frequency>
<!--  Seconds  -->
<DR72-DelayTolerance>0.5</DR72-DelayTolerance>
<!--  Max, Min, Avg, Count, Merger  -->
<DR72-AggFunction>Max</DR72-AggFunction>
<DR72-QueryContent>1</DR72-QueryContent>
</DataRequest>
</simulation>
